{"joint_position":[2.1412034034729004,0.04644982397045894,-0.8624941110610962,-0.35752911985430913,-2.0633843580829065,0.7665770649909973],"pose":[0.30965060312967346,-0.32044890187396163,0.1882970895040615,-0.12068742392586373,-2.5166690464156294,-0.009375095065493251]}