{"joint_position":[2.1530227661132813,0.12480895101513667,-0.8616304397583008,-0.3402087253383179,-2.1284831205951136,0.8166900277137756],"pose":[0.3096555107373241,-0.32044971540598605,0.1558063140244897,-0.11010993677837698,-2.4122587698327793,-0.024330207641260686]}