{"joint_position":[-0.4337051550494593,-2.6396929226317347,-0.43950068950653076,-1.6723767719664515,1.6028215885162354,8.899156872426168],"pose":[0.4064702166513947,-0.33021997195138086,0.1872627491177745,-2.0874644842147005,-2.2822864414833304,-0.02513862332314327]}