{"joint_position":[1.3390239477157593,-0.8908564013293763,2.1505797545062464,-2.9699584446349085,-2.289992872868673,-0.1889122168170374],"pose":[-0.00177054741179071,-0.32045522401736015,0.08146063448154536,-0.1101809025949496,-2.4122033195669315,-0.024307771471993436]}