{"joint_position":[-1.5914400259601038,-2.012606283227438,-1.9432353973388672,-0.7984801095775147,1.5472568273544312,7.74312132993807],"pose":[-0.1407208527331938,-0.3286696826572852,0.12160808416469168,-2.0874268725722085,-2.2823624729305023,-0.02516139301456274]}