{"joint_position":[1.7543630599975586,-1.8980361423888148,1.5193598906146448,-1.7210060558714808,-1.8604238669024866,0.231119766831398],"pose":[0.1474849011076827,-0.21463305441688146,0.4278927250728807,-0.1765990079914513,-2.8458636971676703,0.8387944614104123]}