{"joint_position":[1.2337050437927246,-1.1101334554008027,1.91797382036318,-3.1336471043028773,-2.5661075750934046,0.689889669418335],"pose":[-0.0644080443915699,-0.35063398642515464,0.23777016632663772,-1.4152807681281292,-1.601981728953162,1.0135485935199207]}