{"joint_position":[1.4090566635131836,-1.5302432750216504,1.3300898710833948,-1.3727901887944718,-1.5589254538165491,-0.07742149034609014],"pose":[0.08254052425321207,-0.3215118133158497,0.3455003336399446,0.1272827483649049,3.130149898695265,-0.0014870750632512923]}