{"joint_position":[1.4089813232421875,-1.5430130635252972,1.6431430021869105,-1.6731006107726039,-1.5591190497027796,-0.07683736482729131],"pose":[0.08254620530655253,-0.3215184888294398,0.28185897295616563,0.12728961538130876,3.1300991684190906,-0.0015284056596505844]}