{"joint_position":[1.7546027898788452,-1.6910883388915003,2.023228947316305,-2.567536016503805,-2.333299700413839,0.6766440868377686],"pose":[0.11875418877711556,-0.26327365936057123,0.3241263993294137,-0.9260869322450208,-2.3057442721932673,1.1832123994117432]}