{"joint_position":[1.4110678434371948,-1.1563541454127808,0.1879637877093714,-0.6045571726611634,-1.560730282460348,-0.07689315477480108],"pose":[0.0825400594956617,-0.3215092282783028,0.45874617659730355,0.1272850819942402,3.1301484247006734,-0.0014890499867495372]}