{"joint_position":[-1.5105298201190394,-1.7697745762267054,-1.1605119705200195,-1.7433191738524378,1.5710318088531494,6.225632190704346],"pose":[-0.1105172113044711,-0.35230236469587084,0.3467317339676122,0.18139955614104467,-3.1355509824888905,0.05736902350942585]}