{"joint_position":[-1.4472993055926722,-1.9765187702574671,-0.7240933179855347,-1.9472595653929652,1.9265055656433105,7.774938766156332],"pose":[-0.051912783110387904,-0.3886428591316899,0.386165769689274,1.7812908842008341,2.2060377009941705,0.30631362034458487]}