{"joint_position":[-0.7656596342669886,-2.1996976337828578,-1.7072153091430664,-0.7750017207911988,1.5493590831756592,7.042385403309957],"pose":[0.18464994639830865,-0.3631149558666099,0.11189360389425576,-0.06913111901700505,3.1374520861967854,-0.057946125346494855]}