{"joint_position":[-0.7723706404315394,-1.939890523950094,-1.1031270027160645,-1.6615845165648402,1.5753107070922852,7.062915925179617],"pose":[0.18466096075952387,-0.3631083250778273,0.30872697654255316,-0.02571470102242322,3.1350356343282155,-0.0021304815978442065]}