{"joint_position":[1.42771577835083,-0.9995830816081543,1.3079775015460413,-1.9012509785094203,-1.5605366865741175,-0.041509453450338185],"pose":[0.07214455903406221,-0.4365624671981587,0.20184562411215007,0.15193526028880538,3.129350725853364,-0.032355560053351995]}