{"joint_position":[1.3467488288879395,0.6693326669880371,-2.1124565601348877,-0.269050197010376,-2.291198794041769,-0.19186336198915654],"pose":[-0.0017621204895922893,-0.32045848580157565,0.1558135209662982,-0.11010696862222741,-2.412227871947169,-0.02431238396181557]}