{"joint_position":[-0.8846953550921839,-1.7962528667845667,-1.8660027980804443,-1.0983460408500214,1.581443428993225,8.448901001607076],"pose":[0.10149480842604083,-0.3302158548740747,0.18725106469287117,-2.08741724372664,-2.2822187591722964,-0.025140022953850805]}