{"joint_position":[-0.6336916128741663,-2.022735734979147,-1.5449624061584473,-1.1890010100654145,1.593863844871521,8.699506107960836],"pose":[0.2304967397687642,-0.3302244566348816,0.1872680866776576,-2.0875181224719386,-2.2822516106264183,-0.025118557439004905]}