{"joint_position":[-0.8846920172320765,-1.977351804772848,-1.9994937181472778,-0.7838036578944703,1.5820660591125488,8.449225012456075],"pose":[0.1014902329791211,-0.33021076552253453,0.12156066965078378,-2.087373191961268,-2.2821938814737917,-0.02517677073807531]}