{"joint_position":[0.5893397331237793,-1.0865756434253235,1.8810933271991175,-2.361040254632467,-1.5653341452227991,-0.895050350819723],"pose":[-0.2145805195434565,-0.3036521488554922,0.122814169790841,0.12736857774548807,3.1301913742958005,-0.001513313061618719]}