{"joint_position":[0.9760532379150391,-0.7360914510539551,0.6656997839557093,-1.498823569422104,-1.5632613340960901,-0.5100706259356897],"pose":[-0.15758731774261633,-0.4707589444099595,0.23827066872116187,0.12733392944611735,3.1301426044749494,-0.0014926622852548849]}