{"joint_position":[0.589520275592804,-1.3318129640868683,1.6098859945880335,-1.8445078335204066,-1.5632994810687464,-0.8956888357745569],"pose":[-0.21455915204828468,-0.3036419305448157,0.23735291401714342,0.12731350859061621,3.130177353358492,-0.0013202323450121872]}