{"joint_position":[0.9753640294075012,-0.5190904897502442,1.069613281880514,-2.1197859249510707,-1.5651300589190882,-0.5101149717914026],"pose":[-0.15758001279442277,-0.47077147398294455,0.06906928412552128,0.12724392569275447,3.1302207757505536,-0.0015135797625546216]}