{"joint_position":[0.5937447547912598,-1.3383291077664872,1.618983570729391,-1.847133298913473,-1.5631783644305628,-0.8914526144610804],"pose":[-0.21186846830448608,-0.30360266140096825,0.23719506415850525,0.12733293866935264,3.130150082905214,-0.0014256051245129697]}