{"joint_position":[0.5934678316116333,-0.9048012059978028,1.9303978125201624,-2.5920473537840785,-1.5666711966144007,-0.8909271399127405],"pose":[-0.21188143965479111,-0.30360009449421405,0.06869895093939764,0.12733115460485128,3.1301275251343457,-0.0014025766537862664]}