{"joint_position":[0.8673591613769531,-1.4827630829862137,2.0638535658465784,-2.1494323215880335,-1.561622444783346,-0.6176403204547327],"pose":[0.08255153235951604,-0.3215183971622013,0.1849119261049837,0.12718834915443228,3.1301664986362474,-0.001395082416064086]}