{"joint_position":[1.4089770317077637,-1.2096727055362244,2.106640640889303,-2.4699131451048792,-1.5621941725360315,-0.07542497316469365],"pose":[0.08255153235951604,-0.3215183971622013,0.12113414604146384,0.12723503219563354,3.1301937897808294,-0.001453905524976885]}