{"joint_position":[1.4088666439056396,-0.9938842219165345,2.148304287587301,-2.7273007831969203,-1.5637005011187952,-0.07545119920839483],"pose":[0.08255476574161623,-0.3215118094533463,0.0691755568743186,0.12731782994488774,3.130116220233557,-0.0013705030699885103]}