{"joint_position":[1.4089977741241455,-1.517092042868473,1.7799084822284144,-1.8357249699034632,-1.5595348517047327,-0.07645732561220342],"pose":[0.08254445977791035,-0.32151704436546064,0.24752004433400243,0.1272909871254024,3.130161160989982,-0.001412818418063759]}